<s:Envelope xmlns:s="http://schemas.xmlsoap.org/soap/envelope/"><s:Body><GetContentRegulationV2InformationResponse xmlns="http://www.microsoft.com/TrafficShaping/FrontEnd/ContentRegulationV2"><GetContentRegulationV2InformationResult xmlns:a="http://www.microsoft.com/TrafficShaping/FrontEnd/ContentRegulation" xmlns:i="http://www.w3.org/2001/XMLSchema-instance"><a:RegulatedContentList xmlns:b="http://schemas.datacontract.org/2004/07/Windows.Service.DeliveryCatalog.TrafficShapingRegulation.FrontEnd"><b:RegulatedContentInformation><b:ContentId>{8a67a03a-f99e-445a-a0a0-e880bf534bbc}</b:ContentId><b:Properties><a:Property><a:Name>CDN</a:Name><a:Value>3</a:Value></a:Property></b:Properties></b:RegulatedContentInformation><b:RegulatedContentInformation><b:ContentId>{c0cc23f8-fdd7-4cdc-8da4-e6f99a484964}</b:ContentId><b:Properties><a:Property><a:Name>CDN</a:Name><a:Value>3</a:Value></a:Property></b:Properties></b:RegulatedContentInformation></a:RegulatedContentList><a:GlobalResponseProperties><a:Property><a:Name>DP0</a:Name><a:Value>10000</a:Value></a:Property><a:Property><a:Name>DP1</a:Name><a:Value>10000</a:Value></a:Property><a:Property><a:Name>DP2</a:Name><a:Value>10000</a:Value></a:Property><a:Property><a:Name>RetryInterval</a:Name><a:Value>3</a:Value></a:Property></a:GlobalResponseProperties></GetContentRegulationV2InformationResult></GetContentRegulationV2InformationResponse></s:Body></s:Envelope>