<svg width="72" height="72" viewBox="0 0 72 72" fill="none" xmlns="http://www.w3.org/2000/svg">
<rect x="12" y="21" width="57" height="39" rx="6" fill="url(#paint0_linear_2803_139243)"/>
<rect x="12" y="21" width="57" height="39" rx="6" fill="url(#paint1_linear_2803_139243)" fill-opacity="0.5"/>
<path d="M3 18C3 14.6863 5.68629 12 9 12H54C57.3137 12 60 14.6846 60 17.9983C60 28.8301 60 50.8855 60 54.6667C60 59.7146 61.9286 60 61.9286 60H9C5.68629 60 3 57.3137 3 54V18Z" fill="url(#paint2_linear_2803_139243)"/>
<rect x="10" y="47" width="43" height="6" rx="3" fill="#06D4F0"/>
<rect x="42" y="25" width="11" height="17" rx="3" fill="#EDFCFF"/>
<rect x="10" y="18" width="11" height="24" rx="3" fill="#EDFCFF"/>
<rect x="26" y="32" width="11" height="10" rx="3" fill="#EDFCFF"/>
<defs>
<linearGradient id="paint0_linear_2803_139243" x1="30" y1="22.3002" x2="63.4814" y2="65.4632" gradientUnits="userSpaceOnUse">
<stop stop-color="#007BBC"/>
<stop offset="1" stop-color="#155AA8"/>
</linearGradient>
<linearGradient id="paint1_linear_2803_139243" x1="60.9844" y1="46.8984" x2="69.2002" y2="46.427" gradientUnits="userSpaceOnUse">
<stop/>
<stop offset="0.267857" stop-opacity="0"/>
</linearGradient>
<linearGradient id="paint2_linear_2803_139243" x1="58.9821" y1="60" x2="-2.72281" y2="19.3546" gradientUnits="userSpaceOnUse">
<stop stop-color="#358ADC"/>
<stop offset="1" stop-color="#20B2C6"/>
</linearGradient>
</defs>
</svg>
