<?xml version="1.0" encoding="utf-8" ?>
<tile>
  <visual version="2" Branding="name" baseUri="http://assets.msn.com/weathermapdata/1/static/mws-new/" hint-lockDetailedStatus1="Baghpat, India   23°" hint-lockDetailedStatus2="" hint-lockDetailedStatus3="">
    <binding template="TileSmall" hint-textStacking="center" hint-overlay="30" branding="none">
      <image placement="background" src="WeatherImages/210x173/39.jpg?a"/>
      <text hint-style="caption" hint-align="center">Baghpat, India</text>
      <text hint-style="base" hint-align="center">23°</text>
    </binding>
    <binding template="TileMedium" DisplayName="Baghpat, India" hint-overlay="30">
      <image placement="background" src="WeatherImages/210x173/39.jpg?a"/>
      <text>Haze</text>
      <image hint-removeMargin="True" hint-align="center" src="ms-appx:///Assets/AppTiles/Spacer/6px.png"/>
      <group>
        <subgroup hint-weight="70" hint-textStacking="center">
          <image hint-removeMargin="True" hint-align="center" src="ms-appx:///Assets/AppTiles/Spacer/2px.png"/>
          <text hint-style="titleNumeral">23°</text>
        </subgroup>
        <subgroup hint-weight="30">
          <image hint-removeMargin="True" hint-align="center" src="ms-appx:///Assets/AppTiles/Spacer/6px.png"/>
          <text>38°</text>
          <text hint-style="captionsubtle">21°</text>
        </subgroup>
      </group>
    </binding>
    <binding template="TileWide" DisplayName="Baghpat, India" hint-overlay="30">
      <image placement="background" src="WeatherImages/423x173/39.jpg?a"/>
      <text>Haze</text>
      <image hint-removeMargin="True" hint-align="center" src="ms-appx:///Assets/AppTiles/Spacer/6px.png"/>
      <group>
        <subgroup hint-weight="32" hint-textStacking="center">
          <image hint-removeMargin="True" hint-align="center" src="ms-appx:///Assets/AppTiles/Spacer/2px.png"/>
          <text hint-style="titleNumeral">23°</text>
        </subgroup>
        <subgroup hint-weight="20">
          <image hint-removeMargin="True" hint-align="center" src="ms-appx:///Assets/AppTiles/Spacer/6px.png"/>
          <text>38°</text>
          <text hint-style="captionsubtle">21°</text>
        </subgroup>
        <subgroup hint-weight="10">
          <image hint-removeMargin="True" hint-align="center" src="ms-appx:///Assets/AppTiles/Spacer/6px.png"/>
          <image hint-removeMargin="True" hint-align="center" src="LiveTile/Icons_Icon_PoP_sm.png?a"/>
          <image hint-removeMargin="True" hint-align="center" src="ms-appx:///Assets/AppTiles/Spacer/4px.png"/>
          <image hint-removeMargin="True" hint-align="center" src="LiveTile/W0.png?a"/>
        </subgroup>
        <subgroup hint-weight="38">
          <image hint-removeMargin="True" hint-align="center" src="ms-appx:///Assets/AppTiles/Spacer/6px.png"/>
          <text>1%</text>
          <text>2 kph</text>
        </subgroup>
      </group>
    </binding>
    <binding template="TileLarge" DisplayName="Baghpat, India" hint-overlay="30">
      <image placement="background" src="WeatherImages/210x173/39.jpg?a"/>
      <text>Haze</text>
      <image hint-removeMargin="True" hint-align="center" src="ms-appx:///Assets/AppTiles/Spacer/6px.png"/>
      <group>
        <subgroup hint-weight="100">
          <image hint-removeMargin="True" hint-align="center" src="ms-appx:///Assets/AppTiles/Spacer/2px.png"/>
          <text hint-style="subheaderNumeral">23°</text>
        </subgroup>
      </group>
      <text/>
      <group>
        <subgroup hint-weight="18">
          <text hint-align="center">Fri</text>
          <image hint-align="center" src="WeatherIcons/30x30/2.png?a"/>
          <text hint-align="center">38°</text>
          <text hint-style="captionsubtle" hint-align="center">21°</text>
        </subgroup>
        <subgroup hint-weight="18">
          <text hint-align="center">Sat</text>
          <image hint-align="center" src="WeatherIcons/30x30/1.png?a"/>
          <text hint-align="center">40°</text>
          <text hint-style="captionsubtle" hint-align="center">22°</text>
        </subgroup>
        <subgroup hint-weight="18">
          <text hint-align="center">Sun</text>
          <image hint-align="center" src="WeatherIcons/30x30/2.png?a"/>
          <text hint-align="center">38°</text>
          <text hint-style="captionsubtle" hint-align="center">19°</text>
        </subgroup>
        <subgroup hint-weight="18">
          <text hint-align="center">Mon</text>
          <image hint-align="center" src="WeatherIcons/30x30/1.png?a"/>
          <text hint-align="center">40°</text>
          <text hint-style="captionsubtle" hint-align="center">23°</text>
        </subgroup>
        <subgroup hint-weight="18">
          <text hint-align="center">Tue</text>
          <image hint-align="center" src="WeatherIcons/30x30/1.png?a"/>
          <text hint-align="center">37°</text>
          <text hint-style="captionsubtle" hint-align="center">24°</text>
        </subgroup>
      </group>
    </binding>
  </visual>
</tile>